[
  {
    "id": "/subscriptions/68be49dc-d51f-4283-8a68-232dc6f9e527/resourceGroups/VstsRG-Room4-bc98/providers/Microsoft.Resources/deployments/Deploy_DevOps_Project_Room4/operations/2B14BB1607814284",
    "operationId": "2B14BB1607814284",
    "properties": {
      "provisioningOperation": "Create",
      "provisioningState": "Succeeded",
      "timestamp": "2022-02-26T04:42:49.1682373Z",
      "duration": "PT21.2555274S",
      "trackingId": "95db7eea-9a1a-4272-b2db-2e48621b0675",
      "serviceRequestId": "38458f7d-46f0-40b5-9f80-2f6e4f31a401",
      "statusCode": "OK",
      "targetResource": {
        "id": "/subscriptions/68be49dc-d51f-4283-8a68-232dc6f9e527/resourceGroups/VstsRG-Room4-bc98/providers/Microsoft.DevOps/pipelines/Room4",
        "resourceType": "Microsoft.DevOps/pipelines",
        "resourceName": "Room4"
      }
    }
  },
  {
    "id": "/subscriptions/68be49dc-d51f-4283-8a68-232dc6f9e527/resourceGroups/VstsRG-Room4-bc98/providers/Microsoft.Resources/deployments/Deploy_DevOps_Project_Room4/operations/08585557563413869355",
    "operationId": "08585557563413869355",
    "properties": {
      "provisioningOperation": "EvaluateDeploymentOutput",
      "provisioningState": "Succeeded",
      "timestamp": "2022-02-26T04:42:49.2378722Z",
      "duration": "PT21.3251623S",
      "trackingId": "bf1656c0-2b2c-4f91-a68f-9dc8a9f5def9",
      "statusCode": "OK"
    }
  }
]