{
  "id": "/subscriptions/68be49dc-d51f-4283-8a68-232dc6f9e527/resourceGroups/VstsRG-Room4-bc98/providers/Microsoft.Resources/deployments/Deploy_DevOps_Project_Room4",
  "name": "Deploy_DevOps_Project_Room4",
  "type": "Microsoft.Resources/deployments",
  "tags": {
    "primaryResourceId": "/subscriptions/68be49dc-d51f-4283-8a68-232dc6f9e527/resourcegroups/VstsRG-Room4-bc98/providers/Microsoft.DevOps/pipelines/Room4",
    "marketplaceItemId": "Microsoft.AzureProject"
  },
  "properties": {
    "templateHash": "11949635475844688989",
    "parameters": {
      "azureAuth": {
        "type": "SecureString"
      },
      "repository_auth": {
        "type": "SecureObject"
      }
    },
    "mode": "Incremental",
    "debugSetting": {
      "detailLevel": "None"
    },
    "provisioningState": "Succeeded",
    "timestamp": "2022-02-26T04:42:49.2543061Z",
    "duration": "PT23.0616616S",
    "correlationId": "802c119b-c8bf-4892-b11c-42ee9d367815",
    "providers": [
      {
        "namespace": "Microsoft.DevOps",
        "resourceTypes": [
          {
            "resourceType": "pipelines",
            "locations": [
              "centralus"
            ]
          }
        ]
      }
    ],
    "dependencies": [],
    "outputResources": [
      {
        "id": "/subscriptions/68be49dc-d51f-4283-8a68-232dc6f9e527/resourceGroups/VstsRG-Room4-bc98/providers/Microsoft.DevOps/pipelines/Room4"
      }
    ]
  }
}